{
  "0": 0.5515905383360522,
  "1": 5.345849802371541
}